Id,AdditionalMessage,DisplayContextType,EffectiveDate,ImageUrl,Message,Subject,Type
1NAfic000000CPNGA2,,Global,2025-10-06T12:39:05.000+0000,https://thumbs.dreamstime.com/b/modern-hospital-room-two-empty-beds-natural-lighting-photorealistic-image-clean-featuring-adjustable-minimalistic-378749876.jpg,New Data Underscores Immunexis' Clinical Value in a Difficult-to-Treat Population A recent real-world outcomes analysis shows that Immunexis delivers a 30% average improvement in RA symptoms at 12 weeks in patients with moderate-to-severe rheumatoid arthritis—including those with inadequate response to prior biologics or JAK inhibitors. These findings reinforce Immunexis as a high-impact option for patients struggling with persistent disease activity...,📈 Immunexis Delivers 39% Symptom Improvement in Patients with Moderate-to-Severe Rheumatoid Arthritis,Announcement
1NAfic000000CPOGA2,,Global,2025-10-06T12:39:05.000+0000,https://www.axtria.com/hs-fs/hubfs/AI_ML-enabled RWE analytics.jpg?width=875&height=615&name=AI_ML-enabled RWE analytics.jpg,New HEOR Analysis Highlights Immunexis' Impact on Costly Flares and Acute Care Use.,🏥 Real-World Data Confirms Immunexis Reduces Hospitalization Rates for Lupus Patients by 35%,Announcement
1NAfic000000CPPGA2,,Global,2025-10-06T12:39:05.000+0000,https://arthritisjax.com/wp-content/uploads/bigstock-Female-nurse-reviewing-prescri-412943434.webp,Head-to-Head Data Shows Immunexis Achieves Symptom Relief Faster Than Leading Biologics...,⚡ Immunexis Outpaces Competitors with Faster Onset of Action in Psoriatic Arthritis Patients,Announcement
1NAfic000000CPQGA2,,Global,2025-10-06T12:39:05.000+0000,https://api.isoa.org/docs/blog/81/Copy of ISOA Blog Sizing (4).png,Effective Immediately: Immunexis Secures Preferred Tier on PrimeCare and OneRx.,🗞️ New Coverage Win: Immunexis Now Preferred on Two National Formularies,Announcement
1NAfic000000CPRGA2,,Global,2025-10-06T12:39:05.000+0000,https://img.freepik.com/premium-photo/senior-couple-relaxing-by-autumn-lake-happy-man-woman-enjoying-nature-hugging-sitting-pier_106029-949.jpg,New Data Underscores Immunexis' Clinical Value in a Difficult-to-Treat Population A recent real-world outcomes analysis shows that Immunexis delivers a 30% average improvement in RA symptoms at 12 weeks in patients with moderate-to-severe rheumatoid arthritis—including those with inadequate response to prior biologics or JAK inhibitors. These findings reinforce Immunexis as a high-impact option for patients struggling with persistent disease activity...,📈 Immunexis Delivers 30% Symptom Improvement in Patients with Moderate-to-Severe Rheumatoid Arthritis,Announcement
1NAfic000000CPSGA2,"How to use as a Field User Persona : https://share.vidyard.com/watch/Pap9RsCcmMtVY9zoVTjGae
<br/>
How to use as a  Key Account Manager : 
Web: https://share.vidyard.com/watch/iP9v6524iViSkQzBFqW4W5
Mobile: https://share.vidyard.com/watch/Tp2JAZm5EHw6TfKmiwwsZW
<br/>
How to use as a  Medical Science Liaison : https://share.vidyard.com/watch/Pap9RsCcmMtVY9zoVTjGae",Global,2025-10-06T12:39:05.000+0000,https://wp.sfdcdigital.com/en-us/wp-content/uploads/sites/4/2024/10/icon-ind-life-science.svg?w=1024,"Read the instructions here on how to ""Get Started"" with Personas like Field Representatives, Key account Manager and Medical Science Liaison",🏥 How to Get Started,Announcement
